Date,GARCH_Forecast,GARCH_Residual_lag1,GARCH_Residual_lag2,ATM_IV,ATM_IV_lag1,ATM_IV_lag2,ATM_IV_5d_mean,Skew,Skew_lag1,TS_Slope,IV_HV_Spread,OI_Change,OI_Change_lag1,PCR_OI,Volume_Change,PCR_Volume,DTE_nearest,Is_expiry_week,Days_since_last_expiry,HV_10,HV_20,HV_30,Target_Binary,Target_Regression,spot,log_return,GARCH_Error,Realized_Vol_proxy
2025-11-04,0.005633960746963092,0.1602044982533392,,0.12258393642599466,0.1231448197140693,0.11843770071756907,0.11963332274956459,0.018296956029339034,0.036534638262815736,-0.004846389937721934,0.04362378490965495,27619.0,81436.0,0.8442742593748499,-7462125.0,0.9597654119967389,21,0,7.0,0.07451898999225079,0.07896015151633971,0.089514647794366,0,-0.0008999995130870436,57827.05,-0.004733961233876049,-0.0008999995130870436,0.004733961233876049
2025-11-06,0.0056806246256499325,-0.6302772194084469,0.1602044982533392,0.12023095493350507,0.12258393642599466,0.1231448197140693,0.12044820436509358,0.010249716294196215,0.018296956029339034,-0.004677632687950087,0.04275646086735434,26001.0,27619.0,0.762591684328499,4774405.0,1.05702986317866,19,0,9.0,0.07171093652360862,0.07747449406615073,0.0894545696270199,0,-0.0009519466106484228,57554.25,-0.00472867801500151,-0.0009519466106484228,0.00472867801500151
2025-11-07,0.005693955535238097,-0.6275595603004555,-0.6302772194084469,0.11691602406105164,0.12023095493350507,0.12258393642599466,0.12026268717043795,-0.002623723791722654,0.010249716294196215,-0.0024194945472898743,0.03801304757575372,42985.0,26001.0,0.9071223228075611,49042160.0,0.9222769818013766,18,0,10.0,0.07867320963843348,0.07890297648529793,0.08931911485326575,0,-0.00010532336891087499,57876.8,0.005588632166327222,-0.00010532336891087499,0.005588632166327222
2025-11-10,0.005218750627754353,0.773682745588373,-0.6275595603004555,0.12353439152121112,0.11691602406105164,0.12023095493350507,0.12128202533116636,0.022325525194626716,-0.002623723791722654,-0.0058836585287699306,0.04719244230734976,60913.0,42985.0,0.9112691102863564,-47025265.0,0.8912385335651317,15,0,13.0,0.0785896052375122,0.07634194921386137,0.08900254926905717,0,-0.004169657737766728,57937.55,0.0010490928899876246,-0.004169657737766728,0.0010490928899876246
2025-11-11,0.005549796031128287,0.13993664318916182,0.773682745588373,0.12265733082322494,0.12353439152121112,0.11691602406105164,0.1211845275529975,0.02713782400444248,0.022325525194626716,-0.00721422625574368,0.04621677703310968,19807.0,60913.0,0.9308737439286818,21190200.0,1.016641682218545,14,0,14.0,0.07190280276291097,0.07644055379011526,0.08547293347512303,0,-0.0020934274767220535,58138.15,0.003456368554406233,-0.0020934274767220535,0.003456368554406233
2025-11-12,0.005478477891390423,0.46612818593183386,0.13993664318916182,0.11762289659291142,0.12265733082322494,0.12353439152121112,0.12019231958638084,0.02839036503199055,0.02713782400444248,-0.004888104943357785,0.04413692635690977,17191.0,19807.0,0.9361237812667579,-6697460.0,0.8406991799092471,13,0,15.0,0.06346304307955554,0.07348597023600165,0.08445008187910273,0,-0.0031333738726406378,58274.65,0.0023451040187497853,-0.0031333738726406378,0.0023451040187497853
2025-11-13,0.005369664193577602,0.319004948601892,0.46612818593183386,0.11997282287708425,0.11762289659291142,0.12265733082322494,0.12014069317509668,-0.01193711511303483,0.02839036503199055,-0.006062920160254781,0.04660997715413408,8627.0,17191.0,0.9459759283583075,14775065.0,0.8657116810658806,12,0,16.0,0.06354412652054796,0.07336284572295017,0.07543379382532622,0,-0.0035300763732684483,58381.95,0.0018395878203091543,-0.0035300763732684483,0.0018395878203091543
2025-11-14,0.005252235053007165,0.2530528784671505,0.319004948601892,0.11497994870527233,0.11997282287708425,0.11762289659291142,0.11975347810394081,0.028590387353244817,-0.01193711511303483,-0.0026230996300002918,0.04297396252832189,29730.0,8627.0,0.9437793024128814,10808785.0,0.8726439770760336,11,0,17.0,0.06289761072347028,0.07200598617695043,0.07536905775284929,0,-0.0029322925242862997,58517.55,0.002319942528720865,-0.0029322925242862997,0.002319942528720865
2025-11-17,0.0051167337769977205,0.32388300849531304,0.2530528784671505,0.12013236040180839,0.11497994870527233,0.11997282287708425,0.11907307188006026,-0.02192019134571116,0.028590387353244817,-0.00847658959259874,0.04624626066012144,95363.0,29730.0,1.196587660582794,7450595.0,0.9169123592890774,8,0,20.0,0.061901922085755866,0.07388609974168694,0.07682925096249427,1,0.002461597567252629,58962.7,0.007578331344250349,0.002461597567252629,0.007578331344250349
2025-11-18,0.0053969314180152776,1.0547987258806257,0.32388300849531304,0.12218482088200858,0.12013236040180839,0.11497994870527233,0.11897856989181699,0.03432876800657034,-0.02192019134571116,-0.010893270430006347,0.05587801282708066,69573.0,95363.0,1.132689382301588,6244160.0,1.0369938207991005,7,0,21.0,0.0633452695450042,0.06630680805492792,0.07083762028857249,0,-0.0043202479569064145,58899.25,-0.0010766834611088635,-0.0043202479569064145,0.0010766834611088635
2025-11-19,0.005252516214190554,-0.1472382894355261,1.0547987258806257,0.11568834373980341,0.12218482088200858,0.12013236040180839,0.11859165932119539,0.09565704491329041,0.03432876800657034,-0.0066137787798030145,0.04913604322820879,12074.0,69573.0,1.322912165791057,67812970.0,0.9683594501609473,6,0,22.0,0.05598302257693509,0.06655230051159462,0.07118103126907098,1,0.0001117466656902098,59216.05,0.005364262879880764,0.0001117466656902098,0.005364262879880764
2025-11-20,0.005249226010478336,0.7428267141171515,-0.1472382894355261,0.10650320208089033,0.11568834373980341,0.12218482088200858,0.1158977351619566,0.040294427755833084,0.09565704491329041,0.0012445776910808143,0.041734720980282136,80261.0,12074.0,1.2435486575957766,-16264990.0,0.9944132500645672,5,1,23.0,0.03983897620845116,0.06476848110060819,0.06790724196728855,0,-0.003028478874780507,59347.7,0.002220747135697829,-0.003028478874780507,0.002220747135697829
2025-11-21,0.005077659209552368,0.3086882207595963,0.7428267141171515,0.10431891716775411,0.10650320208089033,0.11568834373980341,0.11376552885445297,0.11936447484849942,0.040294427755833084,0.007813840149424309,0.03182161635186276,53216.0,80261.0,0.9825838419930298,155300690.0,1.0218607241396285,4,1,24.0,0.06624732280657562,0.07249730081589136,0.07378957337917684,1,0.003043154794408246,58867.7,-0.008120814003960614,0.003043154794408246,0.008120814003960614
2025-11-24,0.005640693394580592,-1.1171936693876447,0.3086882207595963,0.14484686929087853,0.10431891716775411,0.10650320208089033,0.11870843063226699,0.03919501217964616,0.11936447484849942,-0.03169336270730763,0.07223418814368315,46357.0,53216.0,0.8835236001127017,190291925.0,0.7582788800360868,1,1,27.0,0.06716534060192851,0.07261268114719538,0.07224731695516828,0,-0.005091004991186398,58835.35,-0.0005496884033941932,-0.005091004991186398,0.0005496884033941932
2025-11-25,0.0054208940408251504,-0.07354528374851253,-1.1171936693876447,0.10846507676002604,0.14484686929087853,0.10431891716775411,0.11596448180787049,0.02806368280552035,0.03919501217964616,0.0038998360633659968,0.04084478992817277,-858363.0,46357.0,1.1246426658143167,-498208520.0,0.9632336488583154,35,0,28.0,0.06678019249152428,0.06762028683185327,0.07231128339078934,0,-0.0051650627215119186,58820.3,-0.0002558313193132316,-0.0051650627215119186,0.0002558313193132316
2025-11-26,0.004517175103625229,-0.03807634522288726,-0.07354528374851253,0.10878772048510152,0.10846507676002604,0.14484686929087853,0.11458435715693009,0.031118134201231967,0.02806368280552035,0.005574464762749934,0.0336075226591403,161106.0,-858363.0,1.2196723725640073,45035640.0,0.9118925163358437,34,0,1.0,0.0861636256722303,0.07518019782596122,0.07660806557662449,1,0.007443421512989466,59528.05,0.011960596616614695,0.007443421512989466,0.011960596616614695
2025-11-27,0.005790682254736722,1.6251523209664063,-0.03807634522288726,0.10692302227651998,0.10878772048510152,0.10846507676002604,0.11466832119605604,0.030857352635165702,0.031118134201231967,0.006372481454607601,0.03131207672993358,42161.0,161106.0,1.2366885074300555,-1145655.0,0.8981033952385329,33,0,2.0,0.08641431138181381,0.0756109455465864,0.07666670207088944,0,-0.0022816963722891714,59737.3,0.003508985882447551,-0.0022816963722891714,0.003508985882447551
2025-11-28,0.004814299831675571,0.5063134839767006,1.6251523209664063,0.1046814910532943,0.10692302227651998,0.10878772048510152,0.11474083597316409,0.029696834758822052,0.030857352635165702,0.007376536579886073,0.02924559957278708,35574.0,42161.0,1.2358284918011129,-12202795.0,1.0868232789182928,32,0,3.0,0.0870156093421942,0.07543589148050722,0.07584972567149033,0,-0.004556537674419539,59752.7,0.0002577621572560323,-0.004556537674419539,0.0002577621572560323
2025-12-01,0.004710031675688289,0.03760235011964647,0.5063134839767006,0.10801362234237755,0.1046814910532943,0.10692302227651998,0.10737418658346387,0.030394780352489548,0.029696834758822052,0.005253619488385958,0.036932331789278613,40771.0,35574.0,1.141400758475868,19631920.0,0.9705429804492063,29,0,6.0,0.08254882430773314,0.07108129055309893,0.07560743892842789,0,-0.003515229883603397,59681.35,-0.0011948017920848921,-0.003515229883603397,0.0011948017920848921
2025-12-02,0.004640333636907873,-0.17570096962011156,0.03760235011964647,0.10939182555922425,0.10801362234237755,0.1046814910532943,0.10755953634330354,0.01973766977721489,0.030394780352489548,0.006744943264350045,0.03249843335405918,29097.0,40771.0,0.9738907487382804,-15717075.0,1.0231792950224892,28,0,7.0,0.09162390328421323,0.07689339220516507,0.07422439146342813,1,0.0022118555221643504,59273.8,-0.006852189159072223,0.0022118555221643504,0.006852189159072223
2025-12-03,0.004760365156772414,-0.9932528959067692,-0.17570096962011156,0.10698243241564326,0.10939182555922425,0.10801362234237755,0.10719847872941186,0.011797423905231613,0.01973766977721489,0.0073256481719866096,0.03313269096997906,3526.0,29097.0,0.9504202119589413,18407145.0,0.9765222532308966,27,0,8.0,0.08793143823071795,0.0738497414456642,0.07325861391697028,0,-0.0035051177592511046,59348.25,0.0012552473975213098,-0.0035051177592511046,0.0012552473975213098
2025-12-05,0.004692735028529551,0.18334573271203966,-0.9932528959067692,0.09787372657930588,0.10698243241564326,0.10939182555922425,0.10538861958996906,0.029163776172922998,0.011797423905231613,0.009764613934719668,0.024799530586351287,29878.0,3526.0,1.0715047292362736,20388785.0,0.8583742109905936,25,0,10.0,0.09441598794291774,0.07307419599295459,0.0743247253570124,1,0.002508947801272369,59777.2,0.00720168282980192,0.002508947801272369,0.00720168282980192
2025-12-08,0.004735300189286451,1.0473539440487984,0.18334573271203966,0.1100445860691666,0.09787372657930588,0.10698243241564326,0.10646123859314352,0.023183122350345545,0.029163776172922998,0.000557932733255509,0.02876707491399101,44472.0,29878.0,0.836106453599781,-7866380.0,1.0038596892184486,22,0,13.0,0.09693914596719298,0.08127751115517559,0.07975302208115428,1,0.004316504766949104,59238.55,-0.009051804956235554,0.004316504766949104,0.009051804956235554
2025-12-09,0.005057724180642998,-1.2726535708670115,1.0473539440487984,0.10855080931605568,0.1100445860691666,0.09787372657930588,0.10656867598787914,0.022483748175114587,0.023183122350345545,0.0005216471276482115,0.02711332561303678,46358.0,44472.0,0.8317725982696286,-2634015.0,0.8604731687234431,21,0,14.0,0.09685507719323987,0.0814374837030189,0.07978585247732861,0,-0.004784216211329983,59222.35,-0.0002735079693130152,-0.004784216211329983,0.0002735079693130152
2025-12-10,0.004954475079740699,-0.038856118601888257,-1.2726535708670115,0.10939133747900222,0.10855080931605568,0.1100445860691666,0.10656857837183473,0.005457999417596157,0.022483748175114587,0.0011107421217609187,0.026189884162740595,8279.0,46358.0,0.7219147576099848,1980020.0,0.9286335755575696,20,0,15.0,0.10016892500508061,0.08320145331626162,0.07835866951910565,0,-0.0005215027725279176,58960.4,-0.0044329723072127816,-0.0005215027725279176,0.0044329723072127816
2025-12-11,0.004955631601154694,-0.629547889567981,-0.038856118601888257,0.10169722070645945,0.10939133747900222,0.10855080931605568,0.10551153602999797,0.02125095160413859,0.005457999417596157,0.004726582863445447,0.017740963509714852,20955.0,8279.0,0.812140870098277,6783805.0,0.8706281706729254,19,0,16.0,0.08039117840672891,0.0839562571967446,0.07670530632581615,0,-0.0007337505351148023,59209.85,0.004221881066039892,-0.0007337505351148023,0.004221881066039892
2025-12-12,0.004878676611560792,0.604366686960134,-0.629547889567981,0.09737640124167138,0.10169722070645945,0.10939133747900222,0.10541207096247107,0.035575426520678924,0.02125095160413859,0.00723132597235461,0.01311566671146877,17991.0,20955.0,0.8513627816807608,-8591135.0,0.8762148067206526,18,0,17.0,0.07975878602569861,0.08426073453020261,0.07696399961306956,0,-0.0018415696613446916,59389.95,0.0030371069502161,-0.0018415696613446916,0.0030371069502161
2025-12-15,0.004797184701257435,0.4384900320951139,0.604366686960134,0.10237222312715899,0.09737640124167138,0.10169722070645945,0.10387759837406954,0.028415773392355945,0.035575426520678924,0.0024712588918048978,0.018275379161041355,62903.0,17991.0,0.8951047514847806,-2767140.0,0.9327937698061531,15,0,20.0,0.08018147031204041,0.08409684396611763,0.07668382486256939,0,-0.0035881152722783897,59461.8,0.0012090694289790455,-0.0035881152722783897,0.0012090694289790455
2025-12-16,0.004699439923143477,0.1763502934864544,0.4384900320951139,0.10604307032496713,0.10237222312715899,0.09737640124167138,0.10337605057585182,0.029565246861958966,0.028415773392355945,0.0032684030422273636,0.021372845786464423,48949.0,62903.0,0.6872434966285863,1566795.0,0.9057229749017128,14,0,21.0,0.08705789083366465,0.0846702245385027,0.0776019439358536,1,0.0025109369461256267,59034.6,-0.007210376869269104,0.0025109369461256267,0.007210376869269104
2025-12-17,0.004846315803600537,-1.035313907514886,0.1763502934864544,0.10233641653955336,0.10604307032496713,0.10237222312715899,0.10196506638796206,-0.009797851415912134,0.029565246861958966,0.007269073445395902,0.017490323955591414,33078.0,48949.0,0.675740532547994,9071575.0,0.9409115818161302,13,0,22.0,0.08120277895638255,0.08484609258396195,0.07788375527842696,0,-0.0030177502598683187,58926.75,-0.0018285655437322184,-0.0030177502598683187,0.0018285655437322184
2025-12-18,0.004749475005488006,-0.2651751817226293,-1.035313907514886,0.09802915701883053,0.10233641653955336,0.10604307032496713,0.10123145365043626,0.014960510208713529,-0.009797851415912134,0.010296973614134994,0.015563314294849251,35607.0,33078.0,0.6717572687569278,19505320.0,0.8953412582433669,12,0,23.0,0.08059819749160599,0.08246584272398128,0.07634795933855816,0,-0.00451356110108792,58912.85,-0.00023591390440008583,-0.00451356110108792,0.00023591390440008583
2025-12-19,0.004689817433930417,-0.03442485263858123,-0.2651751817226293,0.09301496402246193,0.09802915701883053,0.10233641653955336,0.1003591662065944,0.02134360220749859,0.014960510208713529,0.011453808372795526,0.010364029726505283,33280.0,35607.0,0.7471180660136331,-4377175.0,0.920512000614438,11,0,24.0,0.0706745298604822,0.08265093429595664,0.07483618540037666,0,-0.002039412706681467,59069.2,0.0026504047272489506,-0.002039412706681467,0.0026504047272489506
2025-12-22,0.00463299941045729,0.3892030184796925,-0.03442485263858123,0.09699707913930472,0.09301496402246193,0.09802915701883053,0.09928413740902353,0.021261235529596106,0.02134360220749859,0.0072416953652156835,0.018614989003000043,39670.0,33280.0,0.8307836687835413,-18198740.0,0.9103307692188961,8,0,27.0,0.05945958273240145,0.07838209013630468,0.07409085586824711,0,-0.000665880029705016,59304.0,0.003967119380752274,-0.000665880029705016,0.003967119380752274
2025-12-23,0.004553286178028848,0.5876379191095129,0.3892030184796925,0.08758079715121636,0.09699707913930472,0.09301496402246193,0.09559168277427338,0.01601153543960973,0.021261235529596106,0.016933834203595496,0.009254421206561836,45879.0,39670.0,0.7883182578128349,8224300.0,0.9462190126020074,7,0,28.0,0.059432040932189505,0.07832637594465452,0.07413122069555181,0,-0.004478246265613296,59299.55,-7.503991241555217e-05,-0.004478246265613296,7.503991241555217e-05
2025-12-24,0.004472784749580621,-0.011212970182227455,0.5876379191095129,0.074048370471479,0.08758079715121636,0.09699707913930472,0.08993407356065851,0.07290556787641615,0.01601153543960973,0.02873206813548669,-0.004696636561556014,-4834.0,45879.0,0.7064550084936123,75239265.0,0.8749094917327983,6,0,29.0,0.055262754428284856,0.07874500703303501,0.07408979820199589,0,-0.0025155437914353785,59183.6,-0.0019572409581452427,-0.0025155437914353785,0.0019572409581452427
2025-12-26,0.004417011209834851,-0.29426922244245857,-0.011212970182227455,0.06819992597839508,0.074048370471479,0.08758079715121636,0.08396822735257141,0.09666461433680215,0.07290556787641615,0.035026975906265745,0.0019366531655953534,61892.0,-4834.0,0.6446519379513695,84877525.0,0.9135435569817872,4,1,31.0,0.05292599685943884,0.06626327281279973,0.07457629155938675,0,-0.0015023330117622832,59011.35,-0.002914678198072568,-0.0015023330117622832,0.002914678198072568
2025-12-29,0.004375128572399081,-0.4403304826263598,-0.29426922244245857,0.10162042380320387,0.06819992597839508,0.074048370471479,0.0856893193087198,0.2668836565907188,0.09666461433680215,0.004797025572947547,0.03697012203630812,90763.0,61892.0,0.6869551589239106,248296215.0,0.9156915105929999,1,1,34.0,0.04957009811910129,0.06465030176689575,0.07461917072842035,0,-0.0030355061624802843,58932.35,-0.0013396224099187968,-0.0030355061624802843,0.0013396224099187968
2025-12-30,0.004312237578553363,-0.2037554299418689,-0.4403304826263598,0.10254227346676531,0.10162042380320387,0.06819992597839508,0.08679835817421191,0.021638783530939357,0.2668836565907188,0.016376994111226256,0.035800242021203646,-896318.0,90763.0,1.0121049683974719,-487852695.0,0.9066900437526223,28,0,35.0,0.054542398130557654,0.06674203144556166,0.0751879751998464,0,-0.0002666314185684757,59171.25,0.0040456061599848875,-0.0002666314185684757,0.0040456061599848875
2025-12-31,0.0042704204145312015,0.6184288211403187,-0.2037554299418689,0.09830018787995642,0.10254227346676531,0.10162042380320387,0.08894223631995993,0.027637493245535216,0.021638783530939357,0.012272016361929039,0.026666555438641174,142358.0,-896318.0,1.1241487362291935,37701535.0,0.8708111468702064,27,0,1.0,0.05183544857269496,0.07163363244131525,0.07465826396846871,1,0.0026447950408414467,59581.85,0.006915215455372648,0.0026447950408414467,0.006915215455372648
2026-01-01,0.004331251834427751,1.0500363121162375,0.6184288211403187,0.09625440840258333,0.09830018787995642,0.10254227346676531,0.09338344390618081,0.029991515405952796,0.027637493245535216,0.012464111336801323,0.028894973106820487,43989.0,142358.0,1.1696173686976938,-27802590.0,0.9038806316472607,26,0,2.0,0.04973900325334005,0.06735943529576284,0.07471368404462655,0,-0.0021567803028035896,59711.55,0.0021744715316241617,-0.0021567803028035896,0.0021744715316241617
2026-01-02,0.004240604150750781,0.33384648240758796,1.0500363121162375,0.09629478629225868,0.09625440840258333,0.09830018787995642,0.09900241596895351,0.032559340692260075,0.029991515405952796,0.009693878250935067,0.024562186371800757,91836.0,43989.0,1.2340689008242245,27977790.0,0.841956436114476,25,0,3.0,0.057065763188278176,0.07173259992045793,0.07604251823443195,1,0.003091162971078979,60150.95,0.00733176712182976,0.003091162971078979,0.00733176712182976
2026-01-05,0.004317699857149815,1.1154602021374116,0.33384648240758796,0.0994082834135692,0.09629478629225868,0.09625440840258333,0.09855998789102659,0.021124303848903167,0.032559340692260075,0.01215030529673572,0.03154039128707044,27895.0,91836.0,1.1842272928522835,9253140.0,0.9291448566538045,22,0,6.0,0.060073779392348696,0.06786789212649877,0.07614900564950806,0,-0.00254142139553432,60044.2,-0.0017762784616154952,-0.00254142139553432,0.0017762784616154952
2026-01-06,0.004269276063881861,-0.27177555804984327,1.1154602021374116,0.0999090148944695,0.0994082834135692,0.09629478629225868,0.09803333617656743,0.027487611974464393,0.021124303848903167,0.014754576258786872,0.04152595076836072,50977.0,27895.0,1.185263387911496,-12115050.0,0.9782112904273895,21,0,7.0,0.05865559487879302,0.05838306412610878,0.07176539078944519,0,-0.0030342826561014415,60118.4,0.00123499340778042,-0.0030342826561014415,0.00123499340778042
2026-01-07,0.004200873836290944,0.1904732908422012,-0.27177555804984327,0.09678899246302275,0.0999090148944695,0.0994082834135692,0.0977310970931807,0.016268070346757035,0.027487611974464393,0.017099669130846207,0.0376169358114228,12947.0,50977.0,1.1200298216770566,2511120.0,1.022666287680946,20,0,8.0,0.060920971997162746,0.05917205665159995,0.07214775766526234,0,-0.0020769733382414823,59990.85,-0.002123900498049462,-0.0020769733382414823,0.002123900498049462
2026-01-08,0.004147448015548476,-0.32962377287044936,0.1904732908422012,0.1014351347170322,0.09678899246302275,0.0999090148944695,0.09876724235607047,0.025063914472602797,0.016268070346757035,0.016763996760632505,0.041479397588121296,13941.0,12947.0,0.9645663099744608,21176940.0,1.034635288609671,19,0,9.0,0.06711271792260835,0.0599557371289109,0.07400804864850988,1,0.0009387384033459857,59686.5,-0.005086186418894462,0.0009387384033459857,0.005086186418894462
2026-01-09,0.004196401515529394,-0.7844213344694919,-0.32962377287044936,0.10660239584106726,0.1014351347170322,0.09678899246302275,0.10082876426583218,0.01872975045028133,0.025063914472602797,0.014797277955259008,0.042051655804601934,12845.0,13941.0,0.8491077869046175,4082730.0,1.0811727968075968,18,0,10.0,0.07693067140716366,0.06455074003646533,0.06895323695941376,1,0.0031175226477517786,59251.55,-0.007313924163281173,0.0031175226477517786,0.007313924163281173
2026-01-12,0.004338916044711518,-1.1091383250489928,-0.7844213344694919,0.11345208982379637,0.10660239584106726,0.1014351347170322,0.10363752554787761,-0.0064928764299491265,0.01872975045028133,0.010959199499347178,0.04869770472539403,19915.0,12845.0,0.9092449081695567,13041540.0,0.9765541701760962,15,0,13.0,0.07755218450119669,0.06475438509840234,0.06888225182798105,0,-0.0009868225249740517,59450.5,0.0033520935197374666,-0.0009868225249740517,0.0033520935197374666
2026-01-13,0.004287175024441322,0.5113928560598524,-1.1091383250489928,0.10913847875893715,0.11345208982379637,0.10660239584106726,0.10548341832077116,0.01277791370162118,-0.0064928764299491265,0.012685906695038482,0.044073077734141014,13616.0,19915.0,0.9333892652207239,-12517410.0,0.972340928110104,14,0,14.0,0.07595285252212076,0.06506540102479613,0.06920129569910878,0,-0.0021314024594010746,59578.8,0.0021557725650402475,-0.0021314024594010746,0.0021557725650402475
2026-01-14,0.004220232722272298,0.3314566518098644,0.5113928560598524,0.11021498744087656,0.10913847875893715,0.11345208982379637,0.1081686173163419,0.0019915822496407998,0.01277791370162118,0.01287080108241763,0.0511352462100214,34729.0,13616.0,0.9249686308743783,-3236430.0,0.9334138114681342,13,0,15.0,0.06754112585620518,0.05907974123085516,0.0691234051571699,0,-0.004197573912337181,59580.15,2.2658809935117088e-05,-0.004197573912337181,2.2658809935117088e-05
2026-01-16,0.0041517497428822546,0.003512543489083999,0.3314566518098644,0.11180783777739309,0.11021498744087656,0.10913847875893715,0.11024315792841408,0.03333090884094583,0.0019915822496407998,0.010039175088151664,0.046777028709961865,82387.0,34729.0,1.1317567361882013,25633500.0,0.9681784069176037,11,0,17.0,0.07992927463157204,0.06503080906743122,0.07042518505461552,1,0.004454924801348243,60095.15,0.008606674544230497,0.004454924801348243,0.008606674544230497
2026-01-19,0.004284584756742663,1.3140269395287725,0.003512543489083999,0.10583130505724475,0.11180783777739309,0.11021498744087656,0.1100889397716496,0.03184929689819907,0.03333090884094583,0.011747276046001148,0.03907041595378538,-6128.0,82387.0,1.082222727345233,18924570.0,0.9837869691376795,8,0,20.0,0.07258865946460495,0.06676088910345937,0.07125386690769754,0,-0.0008875326552645756,59891.35,-0.003397052101478087,-0.0008875326552645756,0.003397052101478087
2026-01-20,0.004269475515256418,-0.5194416815240852,1.3140269395287725,0.11594543240487926,0.10583130505724475,0.11180783777739309,0.11058760828786615,0.07122826249594899,0.03184929689819907,0.009748216122527964,0.04241126213040321,48803.0,-6128.0,0.8042204817984501,1275030.0,1.0325835018585192,7,0,21.0,0.08233640505058447,0.07353417027447605,0.07224084716779644,1,0.0038976808931474845,59404.2,-0.008167156408403903,0.0038976808931474845,0.008167156408403903
2026-01-21,0.004494125178185172,-1.2172938734768632,-0.5194416815240852,0.1312307624058267,0.11594543240487926,0.10583130505724475,0.11500606501724406,0.025751099194891908,0.07122826249594899,0.005737579594502107,0.050260000997427806,100313.0,48803.0,0.6693346351452859,187202040.0,0.9657619904052024,6,0,22.0,0.09276533052506533,0.0809707614083989,0.07354855383376573,1,0.005723848829111801,58800.3,-0.010217974007296973,0.005723848829111801,0.010217974007296973
2026-01-22,0.004842903802948688,-1.467842981145614,-1.2172938734768632,0.11567166247771007,0.1312307624058267,0.11594543240487926,0.11609740002461078,0.02344015945782682,0.025751099194891908,0.020633168876983604,0.030750598291703568,49453.0,100313.0,0.7249681823922677,-71328300.0,0.8809502777853128,5,1,23.0,0.10318880005307801,0.0849210641860065,0.0763130442852191,1,0.0019333703423915034,59200.1,0.006776274145340192,0.0019333703423915034,0.006776274145340192
2026-01-23,0.004873823722678212,0.9704223485858995,-1.467842981145614,0.12056812941726483,0.11567166247771007,0.1312307624058267,0.11784945835258513,-0.05152457886615611,0.02344015945782682,0.023928866255948145,0.02522169078325384,115974.0,49453.0,0.5931875099659516,197075640.0,0.9424301806354787,4,1,24.0,0.11623441623222978,0.09534643863401099,0.08342513404406478,1,0.007482587930865018,58473.1,-0.01235641165354323,0.007482587930865018,0.01235641165354323
2026-01-27,0.006572276516602594,-1.5981255906306027,0.9704223485858995,0.1487122786100784,0.12056812941726483,0.11567166247771007,0.12642565306315184,0.024285191734968015,-0.05152457886615611,-0.019367822380378513,0.04324848912035205,-925821.0,115974.0,1.0560332752472614,-417193710.0,0.8406291970595074,28,0,28.0,0.13240066785752003,0.10546378948972636,0.09039378598324417,1,0.005874502522652465,59205.45,0.012446779039255059,0.005874502522652465,0.012446779039255059
2026-01-28,0.007368316101951749,1.4815396004663914,-1.5981255906306027,0.1376785109809248,0.1487122786100784,0.12056812941726483,0.13077226877836096,0.038482866462030946,0.024285191734968015,-0.010933714195042826,0.02995816434096106,109397.0,-925821.0,1.1384353969461736,31232040.0,0.9424012231173455,27,0,1.0,0.13574754594242336,0.10772034663996373,0.09202361627343969,0,-0.0007464749249662143,59598.8,0.006621841176985535,-0.0007464749249662143,0.006621841176985535
2026-01-29,0.00681313396753904,0.7750861532913657,1.4815396004663914,0.13579037320155818,0.1376785109809248,0.1487122786100784,0.13168419093750725,0.05587197580049964,0.038482866462030946,-0.01017500949894723,0.02700944258657885,59368.0,109397.0,1.2533850578155892,-3519870.0,0.880665891276417,26,0,2.0,0.13860798866444488,0.10878093061497933,0.09355593880474053,0,-0.0008067582546068177,59957.85,0.006006375712932222,-0.0008067582546068177,0.006006375712932222
2026-01-30,0.006356153051355788,0.7321941296077122,0.7750861532913657,0.1418186195043129,0.13579037320155818,0.1376785109809248,0.13691358234282783,0.008734426177341548,0.05587197580049964,-0.014420641741366258,0.03336402095445497,18806.0,59368.0,1.0664708702948933,8089350.0,0.9612476219882669,25,0,3.0,0.14237108512371746,0.10845459854985794,0.09266640126291632,0,-0.0005452319702929894,59610.45,-0.005810921081062799,-0.0005452319702929894,0.005810921081062799
2026-02-01,0.006207575435064603,-0.727410533907421,0.7321941296077122,0.15391558774710581,0.1418186195043129,0.13579037320155818,0.14358307400879602,0.029932316112669527,0.008734426177341548,-0.016661856178321083,0.024284388370024557,78026.0,18806.0,0.8366739578513439,50683320.0,0.885702283603976,23,0,5.0,0.1655265481964911,0.12963119937708126,0.11007447617493496,1,0.014012951817760775,58417.2,-0.020220527252825377,0.014012951817760775,0.020220527252825377
2026-02-02,0.01005005522910307,-2.370567651424011,-0.727410533907421,0.14225182667033348,0.15391558774710581,0.1418186195043129,0.14229098362084702,0.03376773659187268,0.029932316112669527,-0.011392828879653372,0.01526306607490771,64813.0,78026.0,0.841735140429515,-28771200.0,0.9191968240381184,22,0,6.0,0.16841405111474123,0.12698876059542577,0.11060673972085613,0,-0.006601546135551174,58619.0,0.0034485090935518965,-0.006601546135551174,0.0034485090935518965
2026-02-03,0.008849555285250384,0.3508587011721343,-2.370567651424011,0.12971398156267455,0.14225182667033348,0.15391558774710581,0.14069807773719697,0.034211875230834035,0.03376773659187268,-0.00769257072314776,-0.025684094011615394,-38687.0,64813.0,1.042044698907886,6664200.0,0.8684441596430944,21,0,7.0,0.2087123445994745,0.15539807557428995,0.13075621411514826,1,0.015124227364434355,60041.3,0.02397378264968474,0.015124227364434355,0.02397378264968474
2026-02-04,0.01288660428413063,2.410880453969319,0.3508587011721343,0.12244231030978033,0.12971398156267455,0.14225182667033348,0.13802846515884143,0.03679309714187451,0.034211875230834035,-0.0042948655678851505,-0.033338975197861734,76937.0,-38687.0,1.11428352906736,-26726520.0,0.9398083626189614,20,0,8.0,0.1990523779887348,0.15578128550764206,0.13061375093019764,0,-0.009613390518137598,60238.15,0.0032732137659930325,-0.009613390518137598,0.0032732137659930325
2026-02-05,0.011493306008296084,0.29071782817559927,2.410880453969319,0.11849756068188988,0.12244231030978033,0.12971398156267455,0.1333642533943568,0.032732433192124905,0.03679309714187451,-0.0029913037206115434,-0.0374551664846246,228.0,76937.0,1.0430493524890256,-10338270.0,1.0475665987028175,19,0,9.0,0.19904476620808753,0.15595272716651448,0.13098209430017552,0,-0.008592266748982162,60063.65,-0.002901039259313923,-0.008592266748982162,0.002901039259313923
2026-02-06,0.010183381138614493,-0.2747168734036559,0.29071782817559927,0.11056249934815854,0.11849756068188988,0.12244231030978033,0.12469363571456735,0.03465548591893722,0.032732433192124905,-0.0006329022491881608,-0.04421538722802229,54697.0,228.0,0.9766932041075344,35664210.0,0.9504876336116096,18,0,10.0,0.18383270637043256,0.15477788657618083,0.13079307711877777,0,-0.009236501195139626,60120.55,0.0009468799434748665,-0.009236501195139626,0.0009468799434748665
2026-02-09,0.008921853312456658,0.09542412085876112,-0.2747168734036559,0.10806703010924054,0.11056249934815854,0.11849756068188988,0.11785667640234876,0.04503620573915418,0.03465548591893722,-0.00020142197063272027,-0.046871246253188975,33394.0,54697.0,1.1360812964420806,-21858390.0,0.9410114010741807,15,0,13.0,0.17961020865440383,0.15493827636242952,0.13266348966266808,1,0.00016506167445356698,60669.35,0.009086914986910225,0.00016506167445356698,0.009086914986910225
2026-02-10,0.00866335401841545,0.9627647247223965,0.09542412085876112,0.1026940178079638,0.10806703010924054,0.11056249934815854,0.11245268365140662,0.04048076114096197,0.04503620573915418,0.0026143388473713614,-0.05216042729497514,56832.0,33394.0,1.1104595049427708,-9413820.0,0.9820326898616435,14,0,14.0,0.17860085196948475,0.15485444510293894,0.13258247974607731,0,-0.007955167593168918,60626.4,-0.0007081864252465322,-0.007955167593168918,0.0007081864252465322
2026-02-11,0.007489568508599186,-0.07808833077143915,0.9627647247223965,0.0993069092290797,0.1026940178079638,0.10806703010924054,0.10782560343526651,0.05058792218912747,0.04048076114096197,0.00599772473359414,-0.05552937560742591,66882.0,56832.0,1.2459416285773157,13585650.0,1.105110009450699,13,0,15.0,0.17702319638049435,0.1548362848365056,0.1322960924502517,0,-0.005529474201917118,60745.35,0.001960094306682068,-0.005529474201917118,0.001960094306682068
2026-02-12,0.006436891031035717,0.2339466449541659,-0.07808833077143915,0.09963621597780775,0.0993069092290797,0.1026940178079638,0.10405333449445006,0.050676206844813526,0.05058792218912747,0.006529144970354728,-0.055209920698265635,27598.0,66882.0,1.215488115197059,-505650.0,1.0857363256307022,12,0,16.0,0.17286562702455444,0.1548461366760734,0.1310692409007798,0,-0.006344698655115286,60739.75,-9.219237592043112e-05,-0.006344698655115286,9.219237592043112e-05
2026-02-13,0.005689723816087011,-0.01180367958509263,0.2339466449541659,0.11023975782343869,0.09963621597780775,0.0993069092290797,0.10398878618950609,0.036352905933446394,0.050676206844813526,0.004078542938853624,-0.045803865649080774,548.0,27598.0,0.9052263916319215,25201050.0,1.2780802783624223,11,0,17.0,0.13881731411634723,0.15604362347251946,0.13399379789065222,1,0.003458052964321173,60186.65,-0.009147776780408184,0.003458052964321173,0.009147776780408184
2026-02-16,0.006790883275053282,-1.155732610288414,-0.01180367958509263,0.12134179342306461,0.11023975782343869,0.09963621597780775,0.10664373885227092,0.12475105967489986,0.036352905933446394,-0.006928260991919011,-0.04020281671898812,65626.0,548.0,1.2632162979039072,28370340.0,0.8038826147738871,8,0,20.0,0.14701426916692337,0.16154461014205274,0.1372302670709073,1,0.005797639416529309,60949.1,0.012588522691582591,0.005797639416529309,0.012588522691582591
2026-02-17,0.007861748835811864,1.48739520435784,-1.155732610288414,0.11720428758923655,0.12134179342306461,0.11023975782343869,0.10954579280852546,-0.014173773597283695,0.12475105967489986,-0.006271759819830219,-0.04098424226990495,62510.0,65626.0,1.7016436293775083,9136620.0,0.9078594095375659,7,0,21.0,0.09579504003800081,0.1581885298591415,0.1373764422778472,0,-0.004178575803929108,61174.0,0.003683173031882756,-0.004178575803929108,0.003683173031882756
2026-02-18,0.007161655384419826,0.4195361511686327,1.48739520435784,0.10957072026624809,0.11720428758923655,0.12134179342306461,0.11159855501595914,-0.02395689088608169,-0.014173773597283695,0.002881785747950172,-0.04315301209248634,83674.0,62510.0,2.007665124045458,35283450.0,0.9687085621603164,6,0,22.0,0.09802736829477618,0.15272373235873443,0.13829947959304062,0,-0.0010210679238051197,61550.8,0.006140587460614706,-0.0010210679238051197,0.006140587460614706
2026-02-19,0.006821586300213848,0.7289912401892503,0.4195361511686327,0.11728575360641674,0.10957072026624809,0.11720428758923655,0.11512846254168094,-0.048207438558966864,-0.02395689088608169,-0.0025220985708907656,-0.043956946917955625,-5649.0,83674.0,1.0342310682681697,45006510.0,1.2993806652104722,5,1,23.0,0.12350397740417976,0.16124270052437237,0.14399051609144184,1,0.006446212845513768,60739.55,-0.013267799145727616,0.006446212845513768,0.013267799145727616
2026-02-20,0.008361722961789659,-1.5548330467463354,0.7289912401892503,0.12141330477524148,0.11728575360641674,0.10957072026624809,0.11736317193204149,-0.05723318974447281,-0.048207438558966864,-0.005316422327594494,-0.03262746685243617,75940.0,-5649.0,1.1316568237877802,135368100.0,0.7511144075552396,4,1,24.0,0.12706834557864183,0.15404077162767765,0.14427524436839986,0,-0.0012672054391369989,61172.0,0.00709451752265266,-0.0012672054391369989,0.00709451752265266
2026-02-23,0.008002272654150096,0.7778306782850777,-1.5548330467463354,0.17905440483866372,0.12141330477524148,0.11728575360641674,0.12890569421516132,0.09592257592153886,-0.05723318974447281,-0.06218567595823586,0.029791987388791075,79495.0,75940.0,1.1314580087053456,154081380.0,1.0623557235757042,1,1,27.0,0.12030381995497344,0.14926241744987265,0.1422043545918559,0,-0.00649536571349268,61264.25,0.0015069069406574165,-0.00649536571349268,0.0015069069406574165
2026-02-24,0.007288053287681142,0.16990649391929424,0.7778306782850777,0.11919319249475474,0.17905440483866372,0.12141330477524148,0.12930347519626495,0.03980899486182715,0.09592257592153886,0.004031426358110379,-0.029994874619981043,-919385.0,79495.0,1.2324941082060814,-475237140.0,1.207488467183896,34,0,28.0,0.12224532082855315,0.14918806711473578,0.1426657754704439,0,-0.0037405513956341365,61047.3,-0.0035475018920470055,-0.0037405513956341365,0.0035475018920470055
2026-02-25,0.006865059604148539,-0.4176362920491101,0.16990649391929424,0.11760291317338631,0.11919319249475474,0.17905440483866372,0.1309099137776926,0.041027382018942404,0.03980899486182715,0.004621037361765806,-0.030544190514137065,114816.0,-919385.0,1.1237216130725258,27438120.0,1.1070947530275608,33,0,1.0,0.12207960302069976,0.14814710368752337,0.1426388528230939,0,-0.006800353584459329,61043.35,-6.470601968920956e-05,-0.006800353584459329,6.470601968920956e-05
2026-02-26,0.006305927558627748,-0.007880028261609296,-0.4176362920491101,0.11399727289626246,0.11760291317338631,0.11919319249475474,0.13025221763566175,0.04274772706131004,0.041027382018942404,0.006031202465492269,-0.03206748252413341,42907.0,114816.0,1.1907242359800243,-9539370.0,1.1330445443642418,32,0,2.0,0.12237351063431391,0.14606475542039588,0.1426878420621102,0,-0.003944006146567921,61187.7,0.0023619214120598267,-0.003944006146567921,0.0023619214120598267
2026-02-27,0.00586069089338099,0.29996241322209655,-0.007880028261609296,0.12108812743799911,0.11399727289626246,0.11760291317338631,0.1301871821682133,0.018964630413931594,0.04274772706131004,0.0037902471011593414,-0.009609046623850745,47241.0,42907.0,0.9771560567583466,15499830.0,1.2961238635256156,31,0,3.0,0.12638626167167952,0.13069717406184986,0.14465288443849267,1,0.004962908999870464,60529.0,-0.010823599893251453,0.004962908999870464,0.010823599893251453
